{"cameraMode":{"drawMode":0,"name":"Shaded","section":"Shading Mode"},"sceneLighting":false,"audioPlay":false,"sceneViewState":{"showFog":true,"showMaterialUpdate":false,"showSkybox":true,"showFlares":true,"showImageEffects":true,"showParticleSystems":true},"in2DMode":false,"pivot":{"x":1.0465421676635743,"y":-10.857019424438477,"z":-0.8575410842895508},"rotation":{"x":-0.46725428104400637,"y":-0.01936211809515953,"z":0.010236462578177452,"w":-0.8838517069816589},"size":2.8578836917877199,"orthographic":false}